name,State,A-None_Summaries_Count,B-None_Summaries_Count,C-None_Summaries_Count,A-B_QCM_SES,A-C_QCM_SES,B-A_QCM_SES,B-C_QCM_SES,C-A_QCM_SES,C-B_QCM_SES,A-B_Wasserstein_WassersteinDistance,A-C_Wasserstein_WassersteinDistance,B-A_Wasserstein_WassersteinDistance,B-C_Wasserstein_WassersteinDistance,C-A_Wasserstein_WassersteinDistance,C-B_Wasserstein_WassersteinDistance,A-A_CrossPCF_gmax,A-A_CrossPCF_rpeak,A-A_CrossPCF_gmin,A-A_CrossPCF_rtrough,A-A_CrossPCF_int-0-10,A-A_CrossPCF_int-0-30,A-A_CrossPCF_int-0-50,A-A_CrossPCF_int-0-100,A-B_CrossPCF_gmax,A-B_CrossPCF_rpeak,A-B_CrossPCF_gmin,A-B_CrossPCF_rtrough,A-B_CrossPCF_int-0-10,A-B_CrossPCF_int-0-30,A-B_CrossPCF_int-0-50,A-B_CrossPCF_int-0-100,A-C_CrossPCF_gmax,A-C_CrossPCF_rpeak,A-C_CrossPCF_gmin,A-C_CrossPCF_rtrough,A-C_CrossPCF_int-0-10,A-C_CrossPCF_int-0-30,A-C_CrossPCF_int-0-50,A-C_CrossPCF_int-0-100,B-A_CrossPCF_gmax,B-A_CrossPCF_rpeak,B-A_CrossPCF_gmin,B-A_CrossPCF_rtrough,B-A_CrossPCF_int-0-10,B-A_CrossPCF_int-0-30,B-A_CrossPCF_int-0-50,B-A_CrossPCF_int-0-100,B-B_CrossPCF_gmax,B-B_CrossPCF_rpeak,B-B_CrossPCF_gmin,B-B_CrossPCF_rtrough,B-B_CrossPCF_int-0-10,B-B_CrossPCF_int-0-30,B-B_CrossPCF_int-0-50,B-B_CrossPCF_int-0-100,B-C_CrossPCF_gmax,B-C_CrossPCF_rpeak,B-C_CrossPCF_gmin,B-C_CrossPCF_rtrough,B-C_CrossPCF_int-0-10,B-C_CrossPCF_int-0-30,B-C_CrossPCF_int-0-50,B-C_CrossPCF_int-0-100,C-A_CrossPCF_gmax,C-A_CrossPCF_rpeak,C-A_CrossPCF_gmin,C-A_CrossPCF_rtrough,C-A_CrossPCF_int-0-10,C-A_CrossPCF_int-0-30,C-A_CrossPCF_int-0-50,C-A_CrossPCF_int-0-100,C-B_CrossPCF_gmax,C-B_CrossPCF_rpeak,C-B_CrossPCF_gmin,C-B_CrossPCF_rtrough,C-B_CrossPCF_int-0-10,C-B_CrossPCF_int-0-30,C-B_CrossPCF_int-0-50,C-B_CrossPCF_int-0-100,C-C_CrossPCF_gmax,C-C_CrossPCF_rpeak,C-C_CrossPCF_gmin,C-C_CrossPCF_rtrough,C-C_CrossPCF_int-0-10,C-C_CrossPCF_int-0-30,C-C_CrossPCF_int-0-50,C-C_CrossPCF_int-0-100
State1_0,State1,500.0,500.0,500.0,7.125728563003821,-2.3065111240351635,7.125728563003824,-1.2566212927352394,-2.3065111240351635,-1.2566212927352391,19.88338831449301,164.0286549855646,21.596677126750127,145.6343840483606,148.10048053499918,144.33383384416265,5.898693665494045,5,1.1605893230502506,100,57.3891147911417,147.27575750238404,210.54410294208355,292.79102044720366,4.843457126228587,0,1.1173248426524487,110,47.09216667117872,136.25421435874367,202.9791731079161,286.74161988806816,0.9898218321032383,110,0.8540854581829103,0,8.819042274643465,27.25254423941316,45.581629774630656,92.02866557011123,4.819166714805775,0,1.1366084622023511,110,46.97312048099201,134.74056345848106,200.6920175420212,284.4555406570864,5.429355480169009,0,1.0391080121372485,105,49.55344354918492,134.61589542011114,197.77777969549106,281.04605156407627,1.0066924009204565,75,0.8314432330855746,0,8.997879327103647,28.21374314140472,46.42473375831261,94.1451133038468,0.9626310233654224,25,0.8128851545794525,0,8.572387825080344,26.797733786742427,44.83582814381547,90.35104799742572,0.990672021773862,10,0.8174570946927857,0,8.911002115531577,28.07218456503582,46.15371888553343,92.65394144339645,1.1968451720510525,0,0.9472124698138988,45,11.16095178735718,30.837968390680366,50.57379036130326,101.12086516441715
State1_1,State1,500.0,500.0,500.0,4.974751233510084,-0.4413262410920565,4.9747512335100845,-2.729545646492121,-0.4413262410920563,-2.72954564649212,36.3229048799583,150.7742652596941,39.6598651019894,152.75622112161315,145.02945643200798,171.37649421545333,7.415613044543549,0,1.4497242600112026,105,66.93415332516432,190.22873724593666,281.9794095594624,395.9410615662265,9.09336020006537,0,1.682901100611471,150,77.79680686194072,205.45419239610115,296.81256715732513,413.4682006821211,1.0866654918718384,5,0.8264235811815795,25,10.525461777356238,27.8043296344325,45.74756996462696,96.06036612082828,9.077996787052054,0,1.5781607355408234,110,77.39844483955335,207.37446957740082,299.9291783521888,415.77295880853075,10.38049172848846,0,1.7416535820954924,135,87.4031416646903,224.24335434144766,315.57295021309636,430.18119996443903,1.092564595432807,85,0.7316845623450233,15,8.84305339150989,24.28349654525668,41.47965661640026,91.94154883245723,1.0696985916887956,105,0.8498591506999117,20,9.64744222347639,27.045701782365033,45.581650758766635,95.75796144759224,1.092371927605839,85,0.7257711512165169,15,8.231782104681015,23.779092975346884,41.457177627772836,92.06823272351485,1.159061663921857,0,0.9092621922647989,135,11.273162998512444,31.77289779403068,51.70648276040281,101.06891205443871
State1_2,State1,500.0,500.0,500.0,6.203841790391538,-1.2197325678484037,6.2038417903915395,-1.3827213538015803,-1.219732567848404,-1.3827213538015808,25.326902151290646,54.943581479981134,24.26468556380315,60.031051126740444,57.63136389629695,59.09626109952623,4.9015280306287305,10,0.9570231651038401,150,47.85236472465242,131.39879194858352,193.5609430029487,279.4147652991659,5.146547234758343,0,0.9226339819549164,150,48.10528147352849,132.85640888607657,197.18107884605746,282.8865099062454,1.0730319359495384,80,0.7319033846315172,0,8.666613413405688,29.319598453982394,49.42122248141114,100.40518011618845,5.090458189526744,0,0.930719756304313,150,48.072360480230245,132.4229106563963,196.28887879581598,282.97409423290543,4.973056625739353,5,0.9068220417169789,130,48.17208364933888,133.96978786311624,198.20955316548378,282.48283897544934,1.0273131084842742,100,0.8923531163107409,15,9.392492202427217,28.286015205879348,47.89752271127006,98.27664551426328,1.0895939663976497,80,0.7063993808269758,0,8.51202523505965,29.33683129199966,49.6732747322336,101.6824854592462,1.052788715574435,45,0.8951136742203071,15,9.412278206932802,28.535534096646728,48.63983105720577,99.51399903988387,1.1725230019715482,5,0.8866696908429621,15,11.304586376087594,30.749703180431318,50.31290694717545,100.20167924168038
State1_3,State1,500.0,500.0,500.0,5.7246744133032115,-1.2858435867165978,5.724674413303212,-0.8162296310741224,-1.2858435867165978,-0.8162296310741224,29.390309440858093,76.47477260875222,29.368025019145993,72.65048808147098,80.96375051948344,72.3902404113454,6.748394445495257,0,1.144785413577478,140,57.75719546551865,162.46827697552035,241.24525427074352,343.15952607279854,6.1880723838251885,0,1.0116472979566844,150,56.573404944885425,159.1558686896075,238.49310152945887,340.9603771918421,1.4039653243763943,0,0.9903790427026705,140,12.744869160624763,34.99206072172234,57.12454511950066,111.9129016561352,6.1823612755901065,0,1.0108846361312962,150,56.17085356546451,156.83839077190012,234.74156679893076,335.2968678370501,6.501077240382607,0,0.9979191550207306,150,59.97242208844624,156.63484686969838,233.50629134914175,333.6606926539337,1.1765578607161715,20,0.9724780573195904,135,10.94992248456892,33.069482917573055,55.017723935648554,111.1106827110612,1.3937997416615477,0,1.0034094261778606,120,12.754847439273775,34.84474021061311,56.776516733105396,110.56884246410519,1.16202072429912,20,1.0054119245940014,135,10.900696429388228,32.87765686800325,54.808955841929674,110.16035170074367,1.1647927506513465,0,0.8899625478543118,60,10.127515433816143,31.311855547962576,52.14899367282409,101.6543913862141
State1_4,State1,500.0,500.0,500.0,4.686646661325606,-1.2078735723161507,4.686646661325608,-1.8379475200888478,-1.2078735723161504,-1.8379475200888478,20.6191313939212,82.03076462793659,21.964409137591968,75.2846782983458,79.88254406449134,71.27029910906487,8.262298617318452,0,0.7774483785916922,150,80.8439793260278,212.58644678648707,313.97149579682866,439.53339014955026,8.115762269380715,0,0.8402262107692055,150,78.25813609943502,213.1828178311177,311.2137414049149,433.1017894254156,0.9951431628981398,135,0.6748169587096359,0,7.2232578761263735,23.19626690380423,39.51733557422791,82.93644369604922,8.203917742199428,0,0.8274575406362338,150,78.73815380344129,212.91684827976067,310.1810943752008,431.0159354806576,7.235783757367705,0,0.8264890637178814,150,71.58053853699813,198.22292329687687,291.46206519988306,407.67742587586645,0.9914692882289933,135,0.7622332770100311,15,7.947698302811524,24.383010680566958,40.64150280847448,84.43905729258702,1.0239592103567454,135,0.6748169587096359,0,7.2238922704225255,23.08225302646119,39.30820704813176,82.7530628224863,1.022461053873963,135,0.7636064001506768,15,7.949445040241645,24.33957574812011,40.50307928111908,84.56756732668808,1.1611394757943203,20,0.9067485265011835,50,11.295924587664143,33.26136120452232,53.1324788645569,102.72460436138493
State1_5,State1,500.0,500.0,500.0,6.480670770693008,-1.5488832951451406,6.480670770693008,-1.7746489228367095,-1.5488832951451406,-1.7746489228367093,20.77966704381335,72.62347557087924,21.290150879763125,81.42752867408933,69.90507893529957,78.88990218657912,7.610517094858375,0,0.5618419646315115,130,73.84630615793968,195.67725800328915,280.7596795956128,368.33959931711354,8.258551921404035,0,0.6082881528895606,140,72.3587357018992,189.8612676856784,272.95096549092784,364.93030710749525,1.0587636754986292,105,0.8987986624997366,45,10.230444716675603,29.691210597757443,48.73000645410002,96.92979923458105,8.35874764106078,0,0.6040092972457496,140,73.4152195726823,190.84097419317033,274.01988070776355,366.21189282198696,7.172556584700895,0,0.6234856999923102,150,65.64047158089019,176.30237928256133,256.87435124549336,351.52325377000926,1.0446753778719822,120,0.9139927318455634,60,10.000377265957606,29.030792592304746,48.047404678899916,96.50957552353466,1.0121333446526635,150,0.8751437080601796,90,9.875023785252788,28.991438679226018,47.937326784268805,94.29053984041417,1.023253603629845,145,0.8811553211836032,90,9.533125642645603,28.5085486115684,47.48415753602043,94.14373076438554,1.265335541265513,0,0.8420754857827483,50,11.389169599867387,31.052787700137284,50.94223082704876,99.07832471786688
State1_6,State1,500.0,500.0,500.0,6.686131971773874,-1.494432508583263,6.686131971773874,-1.9676809205688457,-1.4944325085832633,-1.9676809205688452,22.03759182863325,71.17017771743275,20.556360159580095,69.60149462615331,66.2403045814052,72.06124704860825,4.822616484940954,5,0.8670159840317261,150,47.49359994873525,135.50876419879296,207.36267043980357,311.37267352260733,5.799473163295541,0,0.8367400937327424,150,51.98947450203018,141.704865281774,212.79422350631683,310.91812204143037,1.0711058191387541,120,0.7384006828823851,10,8.848819203249354,24.534530669662306,42.34289428685751,90.84534547133366,5.750428504608328,0,0.853564866818862,145,51.5882873246574,141.27175738104725,212.66920728754548,311.97881559772037,5.865454617177271,0,0.806026577270752,150,51.93215956019682,143.54104049175746,216.0817077590526,305.1589780759551,1.052269974828016,110,0.7885600731279984,5,8.20665070237235,24.955506043544943,42.44862479982893,90.05765834805928,1.105749494274064,90,0.7355215019012243,10,8.711646096187636,24.392036250719194,42.4599031237346,93.18474294479608,1.0974962570727949,100,0.7936499287233819,5,8.205404935851767,24.921986435755514,42.713954253076494,92.56649869870684,1.0751587065748012,40,0.8276057040778554,5,8.860350236152394,28.42312490427711,48.81480508513229,99.88951430198186
State1_7,State1,500.0,500.0,500.0,6.058166019828205,-1.9701021928934392,6.058166019828206,-0.9876024351998816,-1.9701021928934397,-0.9876024351998819,23.589592040958294,110.95313851530172,23.48582488255722,115.32829390718639,113.16501941394782,118.39831834071774,6.132750020987573,0,1.0491457186111075,130,56.587532892376714,156.9967941490844,231.7606265097592,332.3433352745034,6.231061369239915,0,0.9635161488730022,150,58.30505597283614,157.89251120926104,235.89408420067173,340.869558617352,1.0595188077792963,75,0.7257465404990423,0,8.618761635394616,27.92682559549398,46.72717357489587,96.97045190288922,6.3230194169908085,0,1.0076910083190913,150,58.414606866933035,157.11720723777253,233.28294294542528,338.1732985926546,5.617181130972097,10,0.955955238267208,135,54.91443343992671,154.09303009135834,232.05734740039054,339.3401703723991,1.0295467470900839,40,0.8876492714286498,115,9.379728292419454,28.347100404868176,48.13582744030196,96.4399972067187,1.073804590451924,80,0.7257465404990423,0,8.604977256501805,27.844297569380313,46.64262008851522,98.04888107491334,1.0310582014750842,40,0.9080408555311332,15,9.376008163573271,28.294738770615407,48.10067843699176,97.20767592325345,1.1441652548408132,10,0.9304540719380163,75,10.451215707455898,31.24814832981309,51.689176646017756,100.737373007296
State1_8,State1,500.0,500.0,500.0,6.361741258508249,-2.8679796672948386,6.361741258508249,0.1423496374837203,-2.867979667294839,0.14234963748372007,20.287079257651286,57.472821588053705,20.101638619950894,60.61664170739359,59.02136427343807,60.60893865370324,5.57002443752609,5,0.7526134392128296,130,54.35316655144001,144.69297971432746,214.07389659823232,303.7995952564641,5.4103764000798185,5,0.7745925522490101,145,53.55668275367701,146.93785059483764,220.21561476665156,317.3355473738611,1.2443470523908449,0,0.9328226921824735,10,10.565730971660166,30.314375354265273,50.32074882302788,101.28328319877261,5.373145131314001,5,0.7819671069371625,145,53.165105835746644,146.42879745845488,219.34394685348664,314.65669141866994,6.444943801024409,0,0.775408080882693,140,59.083891424144994,156.8240273857581,234.21895785729387,330.90637069864954,1.2875510767216949,0,0.9153938546969702,50,12.15649311988176,33.978075793655684,53.29753337632937,103.123790874024,1.1982930156923435,0,0.9364352069094537,10,10.372061568098207,30.43266371723345,51.11496850606525,103.20674226082602,1.2882062920314885,0,0.9395450805448866,50,12.203475629105345,34.38137078683564,54.233216960988855,105.68750247227271,1.1201175167398085,35,0.7217466753242866,5,7.670688269402497,27.304080734883264,48.979243955797536,98.0733958266475
State1_9,State1,500.0,500.0,500.0,4.700280233848397,-0.34439136154413835,4.700280233848394,-2.5153687598998022,-0.3443913615441385,-2.5153687598998014,38.604374492653875,76.86308394577662,39.63340425758755,88.64145522305998,78.48046667577132,92.18455755567574,5.56486364972579,10,0.7485129381619914,150,55.17097487535602,153.05639804803175,228.6163145291214,330.48460168375345,6.854594853593655,0,0.7764885942030314,150,65.4265314805311,176.96728023706436,256.3428116952863,361.3306432018336,1.0681735335250957,125,0.8420804877911007,45,8.899550696678965,26.665963485786882,44.25900485928029,92.28692495638148,6.698377533131935,0,0.7748614733400586,150,64.38640285959521,176.26552023800608,256.6428847582015,361.6781550508183,8.333641283175542,0,0.7868155467227222,150,78.02574881506015,194.95216731414126,281.01876005745083,388.097260931486,1.0662677929562132,120,0.6966974522077978,10,7.798300794440334,24.477650168691767,42.42919493797962,89.9536389090768,1.0747456822882113,125,0.8122137877679327,30,8.791730905674173,26.094585497274924,43.38931444786433,90.57809063241692,1.0585989189922624,125,0.67266830461083,10,7.555965257333151,23.450100585716427,41.097882996158354,87.62345749543171,1.1385511670713335,20,0.767597802017668,5,7.9838804784504305,29.011502997134624,48.918399196118756,98.37924774239168
State2_0,State2,500.0,500.0,500.0,-4.181075954710559,2.2132813278647423,-4.181075954710559,3.9463541192482303,2.2132813278647427,3.94635411924823,81.75618416095645,52.13193509076872,89.75235901330059,48.30503551975437,54.529565720716235,48.425842443165166,7.742864108973501,0,0.480707162482335,110,67.89249012078811,177.46429342970526,250.42220845022084,321.0373963645573,1.2529626640821234,140,0.0,0,0.12732395447351622,0.7816781347856228,2.2283500495995026,21.27295263351269,1.0988525872152024,150,0.7730137363792867,0,8.181960787436378,25.262354671982276,43.473708444525485,90.4118366311243,1.1186612678238175,140,0.0,0,0.12732395447351622,0.7816781347856228,2.2219592627808398,20.469840055826236,1.9981682285978928,0,1.0837539186881664,150,18.548553709991744,53.50759988512366,85.4220703073143,151.6849925165124,1.1493704552223294,0,0.9124775927876246,130,10.71379797398248,30.856772492358935,52.445682936538375,104.08902293314493,1.0269170678433515,150,0.7541350135417914,0,7.8127147704085065,24.07672598840891,41.4473216919455,85.72827905052716,1.1429002187326394,0,0.9356508470061319,130,10.749352019065173,30.934807394910273,52.31897227124791,104.52871990368081,1.0799714711530457,135,0.8890235717275816,40,10.579694399711803,30.60979198327418,49.19300902658938,98.32416705866503
State2_1,State2,500.0,500.0,500.0,-3.440426352400573,1.8310901263900385,-3.440426352400573,1.1051512364572722,1.8310901263900388,1.1051512364572718,102.9274822172738,83.38955247224925,105.24637141017793,31.455520978422623,92.42203407751927,31.89821226248129,6.0809240813062,0,0.7112747556264357,150,59.54229048399052,167.47745490944754,245.83550341693606,342.74195074315145,1.2161007195758544,150,0.0,0,0.06366197723675811,0.6487458632698206,2.2050108915782762,21.176612545425314,1.0845240497282598,100,0.7894085177358005,0,8.983906906717294,27.564489980659534,46.94474764798656,97.48341651814137,1.386809393934178,150,0.0,0,0.06366197723675811,0.6487458632698206,2.2838876404921273,23.0554488327608,2.137876978823104,0,0.8483187055838001,150,19.678913265449882,55.58311782415075,86.65488544033859,149.49138170173327,1.087775864792972,20,0.9062654204955574,0,9.694076713820287,30.450718660298115,50.49641669065693,100.40729720385076,1.167976258631083,100,0.7894085177358005,0,9.007536333378187,27.658349339969163,47.254023665685345,99.72881371561888,1.075139179610314,20,0.9089528477241585,55,9.796897611966703,30.38984980516473,50.437059524535805,99.2833750378174,1.1254202066718781,15,0.8419907360197778,0,8.632434287014421,29.392502632155608,49.16785243407496,100.36666117635906
State2_2,State2,500.0,500.0,500.0,-5.30543624560844,4.6396174657807565,-5.3054362456084405,4.147951710271852,4.639617465780756,4.147951710271853,105.69115964800031,75.99280101840847,106.50869906790533,47.33149540267032,75.2720425658211,48.07939251896471,8.20144204585257,0,0.4886897359492162,145,73.45037726394307,182.94205879764473,255.70212329141114,329.2573619203888,1.2183751391825486,145,0.0,0,0.010610329539459683,0.29208721460769727,1.5989547593668525,23.036155592904645,1.2865178647388182,0,0.9130989182872299,125,11.708842468004988,34.03202938349687,56.398567318443256,106.17268339262637,1.2207220782309474,145,0.0,0,0.010610329539459683,0.29208721460769727,1.5868141622057703,22.432163347620964,1.7266278347845128,15,0.8921150616015043,150,16.216826086530176,49.192611028890276,79.31548302194567,140.75843285923892,1.0908962408275746,80,0.8654118083644354,5,8.89732999988961,28.617408679350874,47.82006474514058,98.49071632688938,1.2704556166275813,0,0.9065097937217247,100,11.546203570019443,33.01651157793911,54.630864480952994,103.64062718340882,1.0738657894693562,80,0.8554071483111745,5,8.824061146207915,28.358249532367264,47.49273936935341,97.59120348314579,1.104712802806375,40,0.9507510559996767,120,10.446205500271525,31.00996319420441,52.107451016914375,102.89270219562775
State2_3,State2,500.0,500.0,500.0,-6.049098699351231,6.1884192370528766,-6.049098699351233,7.848457440234939,6.1884192370528766,7.848457440234937,131.95222239696344,100.75088199283843,130.17317544014458,43.20926230530664,107.23626794096023,44.00028402192862,5.860381912857296,0,1.062157319017258,145,53.94994975091272,151.8145754250603,224.62805893448126,327.21026671799973,0.9709467401442657,150,0.0,0,0.0,0.16728556452703275,1.2556072994833305,16.94438692388104,1.2557808458088224,5,0.8675981738677518,80,11.720702134288821,34.12115941980142,55.56562896906507,103.54161220483469,1.0771097834169328,150,0.0,0,0.0,0.16682339079076997,1.2761836665973558,17.960142495399722,1.6648635460268193,0,0.9617235088668399,150,15.662617648316735,46.9642248238041,77.12621739611063,142.30323225138355,1.2173330531088,5,0.9614249428775288,90,11.45885602542726,32.29861177220505,51.992849574339914,102.53922884835924,1.2381392417734653,5,0.89082589478312,80,11.5781983705349,33.898346577869916,55.16471919809926,103.99566667534233,1.2152883314632146,5,0.9356454276181171,90,11.448771262673588,32.173470640829436,51.827375974248504,101.41363653397433,1.1022143402516462,60,0.9028316827652093,50,10.318070044210899,30.69167842211555,49.813338131023606,99.36768560066251
State2_4,State2,500.0,500.0,500.0,-5.155186586255287,3.0680319791931208,-5.155186586255288,3.6547127153326238,3.0680319791931208,3.6547127153326247,116.73174300226626,66.27902509265331,121.2077706270489,63.028020626714216,75.27554340530268,60.467721995123355,6.2558354771836955,0,0.8288140306438306,145,58.892712433477854,155.1941469691037,225.1952586384106,315.12961698482843,1.0425542867931168,150,0.0,0,0.0,0.24585649304290866,1.1014428252757713,17.104549294251814,1.034552672770681,40,0.6620845632622843,0,8.238935778435026,25.839758418618338,45.6183726552175,95.20138927498937,1.1382143408626995,150,0.0,0,0.0,0.23294497832962754,1.0872220262373895,17.269035352532114,1.7263468889250067,20,0.8907466826545288,150,15.404922930076673,49.186566130776335,80.76919841413708,147.80098439148787,1.1229934986979746,45,0.934571188848213,150,9.873528507268174,29.659738018669163,50.75908623687125,101.89327431370037,1.063617643653791,145,0.6620845632622843,0,8.230987412657758,25.48784225944974,44.56267247098054,94.26534738053022,1.1179295684178172,45,0.8801205509414101,150,9.87257101072867,29.37117450231085,50.2659381788869,101.50692577504213,1.0580575938855967,65,0.9430015234163309,20,9.952530648022751,29.57412720422787,49.97781637262451,100.32458828102173
State2_5,State2,500.0,500.0,500.0,-5.261018105565997,4.4458779877602925,-5.261018105565997,6.951816655066702,4.4458779877602925,6.951816655066701,115.81594979034847,82.9685385028269,118.76949435103747,44.48278936632163,84.7463289058952,46.45478637144996,5.201422222341942,5,0.8301688981913665,125,51.49384051966132,144.56118224751407,213.6519947236372,296.8649251298227,1.0555063000506266,150,0.0031830988618379054,15,0.0742723067762178,0.34504099848976566,1.6216950157509575,18.5989258137764,1.05208740809622,150,0.8945834134274034,0,9.814255000753256,29.096596748253063,48.290694578897714,94.87330725746156,1.0973352233617615,150,0.0031830988618379054,15,0.0742723067762178,0.34363099678269493,1.6280917034795308,18.798880376537078,1.7768874060182729,10,1.0164197347986534,150,15.97792513315746,49.23861296692425,80.11726304339865,146.48090853332113,1.1852414705338516,10,0.9593456875305063,85,11.23189639549058,32.176925672648416,52.541569879045085,104.16268115461233,1.0391568434443847,150,0.8757049745959107,0,9.641479373218983,28.762024525074498,48.09352629605541,94.29622596232059,1.1730744941749136,10,0.9312449053478538,85,11.213234231553326,31.81291361242933,52.03700260086059,102.89045865382015,1.0882971604300524,65,0.8881891133581387,25,10.133895393851784,29.401508761059553,49.70827691344597,100.50751905066333
State2_6,State2,500.0,500.0,500.0,-5.025432963129654,4.882749562609865,-5.025432963129653,6.1359975791806844,4.882749562609864,6.135997579180685,103.65766765313506,63.604609553155406,101.75155259505499,48.745240644479274,65.92534120340125,50.607333169021565,5.4024710681477535,5,0.8147373004968448,150,53.19913372725428,143.07539750322394,207.6273584059681,295.61430016541806,1.0829551291913386,150,0.0,0,0.06366197723675811,0.5000496735811071,1.7150186831394685,17.977408412076624,1.0822536130248877,0,0.9076430597189732,100,10.35939270377739,30.415526726602742,49.876175398657125,97.63817955736124,1.1864033823637843,145,0.0,0,0.06366197723675811,0.5000496735811071,1.7474117922574073,19.439992113320393,2.006924538237349,5,1.0038122746642033,145,19.229227804160523,56.59343996605263,89.0828696917965,156.51138962701276,1.1126665975216083,10,0.9636473928249447,0,10.694927524163635,32.432737595189494,53.07979086051005,103.49188689519316,1.0822536130248877,0,0.9328013840929681,50,10.336031365290626,30.156221845556935,49.65132176188174,98.61796256361605,1.110763594508047,25,0.9403924310760424,90,10.685831985699032,32.65391534946711,53.4472615459069,103.45207551548381,1.0833489388035824,20,0.897745220761094,135,10.019300077363331,30.270602889591917,50.49998631266587,100.46148657159657
State2_7,State2,500.0,500.0,500.0,-5.70850518660666,5.616465971050006,-5.708505186606656,6.508158214013411,5.616465971050006,6.508158214013411,154.68871763595064,77.7905503821319,155.151265631237,98.30798988362781,82.40994703849329,99.52962496246734,6.135055112756871,0,1.0493016689868873,145,54.850473284661206,145.00522621407387,211.0204658923374,301.108325967394,0.8767374281423943,150,0.0,5,0.042441318157838734,0.300575478239265,1.0949030249655958,15.384825474668979,1.0666863786495604,150,0.7130141450516908,0,8.161276541330762,27.04599660951871,45.24769571675773,92.26500287831914,0.9480766952037347,145,0.0,5,0.042441318157838734,0.300575478239265,1.1287623244743674,16.229888949578026,1.7560998786989803,5,1.1858162390222862,150,16.964393725571917,50.49377418267772,83.13245541998651,155.56274146839795,1.226081597024847,0,0.9412576488879651,150,11.55525593758721,32.54477511749979,53.76569190188644,105.45188703172151,1.107538033426081,145,0.7130141450516908,0,8.155480942780695,26.91417879888765,45.05322016999796,92.63240810160534,1.231103282442869,0,0.9007711720007301,150,11.614505256130718,32.612851239051814,53.505293126365274,103.8985785498725,1.0739304680536028,25,0.9243078969855605,60,10.187306609744713,30.67553389893055,49.98272725071942,99.59500558805448
State2_8,State2,500.0,500.0,500.0,-4.803405409711117,2.1146689042616313,-4.8034054097111145,3.0562898537255974,2.1146689042616313,3.056289853725599,131.61377323078304,81.59419609385182,114.13510576257967,61.69659234265233,78.42216966147639,65.89500512691737,7.926712610148525,0,0.5884343276446078,145,67.1865370462931,173.8690833556085,255.57971560837626,360.8768505641643,1.078405628501284,150,0.0,0,0.010610329539459683,0.14707913593714164,1.0582853558706211,17.181123020506412,1.0629657034153674,135,0.8006679020904964,0,8.503368276652,28.30592965193673,47.28998115673909,96.92745329878983,1.0739016936016479,150,0.0,0,0.01420813010204363,0.15461062752871604,1.1310685614102902,18.941848984221263,1.7079563283692822,5,0.9591444528002008,145,16.304927169217514,48.81786259986598,79.68923814515777,146.41380814487368,1.1075260724947884,5,0.9196622703504809,150,10.622302259196578,29.90303547602614,50.3079969079925,100.36605989672177,1.0665771882905897,135,0.7478379460210669,0,8.294940136557992,28.055354079221125,47.09465466166816,97.28425784752716,1.0858221581549474,5,0.9227190116528785,15,10.488927920541078,29.651245958111,49.69685359112253,99.63313407791604,1.1496642259533059,0,0.9293001387343363,10,10.18584152827625,31.20127111574086,51.43658373532194,102.45155748446086
State2_9,State2,500.0,500.0,500.0,-5.43562114885043,3.7521233998836303,-5.435621148850431,2.5250152001599377,3.75212339988363,2.525015200159938,147.00980506487693,83.67436564655715,135.83502817611986,59.61491235569349,82.31750743498347,60.308008802512056,6.41105137073511,0,0.9346815001713779,145,60.988556844836765,162.5017791476286,236.66059124620543,327.80353075694785,1.0306701130416709,150,0.0,0,0.021220659078919367,0.22180490892201823,1.1690688005801477,16.0019995720087,1.0983254351520284,5,0.9175030267318735,20,10.704423441468588,30.42852876219984,51.291266711787124,101.35231489676582,1.116981721391244,150,0.0,0,0.021220659078919367,0.22669212807144468,1.1928838854718573,17.03314744567942,1.8922580215651181,5,1.009822898435707,145,18.20967801040602,50.937985348474136,81.07695391993732,144.31288007351617,1.4014441125249213,0,0.9470420386050337,125,11.59127341095391,32.35090702434141,52.67597311389176,103.66879807306933,1.127830676333768,150,0.9085110213367363,20,10.471318540888701,29.84505511640403,49.880429420005626,99.97885867897143,1.396008288112118,0,0.8971964746133454,125,11.562052743934522,32.06695783320084,51.74791565524689,100.8386257926513,1.1302842388014978,20,0.9229743567207545,150,10.446315872378948,32.024910594155834,51.7451938509392,102.94514851015202
